srch_id,date_time,site_id,visitor_location_country_id,visitor_hist_starrating,visitor_hist_adr_usd,prop_country_id,prop_id,prop_starrating,prop_review_score,prop_brand_bool,prop_location_score1,prop_location_score2,prop_log_historical_price,position,price_usd,promotion_flag,srch_destination_id,srch_length_of_stay,srch_booking_window,srch_adults_count,srch_children_count,srch_room_count,srch_saturday_night_bool,srch_query_affinity_score,orig_destination_distance,random_bool,comp1_rate,comp1_inv,comp1_rate_percent_diff,comp2_rate,comp2_inv,comp2_rate_percent_diff,comp3_rate,comp3_inv,comp3_rate_percent_diff,comp4_rate,comp4_inv,comp4_rate_percent_diff,comp5_rate,comp5_inv,comp5_rate_percent_diff,comp6_rate,comp6_inv,comp6_rate_percent_diff,comp7_rate,comp7_inv,comp7_rate_percent_diff,comp8_rate,comp8_inv,comp8_rate_percent_diff,click_bool,gross_bookings_usd,booking_bool
1,2013-04-04 08:32:15,12,187,,,219,893,3,3.5,1,2.83,0.0438,4.95,27,104.77,0,23246,1,0,4,0,1,1,,,1,,,,0.0,0.0,,0.0,0.0,,,,,0.0,0.0,,,,,,,,0.0,0.0,,0,,0
1,2013-04-04 08:32:15,12,187,,,219,10404,4,4.0,1,2.2,0.0149,5.03,26,170.74,0,23246,1,0,4,0,1,1,,,1,,,,,,,0.0,0.0,,,,,0.0,1.0,,,,,,,,0.0,0.0,,0,,0
1,2013-04-04 08:32:15,12,187,,,219,21315,3,4.5,1,2.2,0.0245,4.92,21,179.8,0,23246,1,0,4,0,1,1,,,1,,,,0.0,0.0,,0.0,0.0,,,,,0.0,0.0,,,,,,,,0.0,0.0,,0,,0
1,2013-04-04 08:32:15,12,187,,,219,27348,2,4.0,1,2.83,0.0125,4.39,34,602.77,0,23246,1,0,4,0,1,1,,,1,,,,-1.0,0.0,5.0,-1.0,0.0,5.0,,,,0.0,1.0,,,,,,,,-1.0,0.0,5.0,0,,0
1,2013-04-04 08:32:15,12,187,,,219,29604,4,3.5,1,2.64,0.1241,4.93,4,143.58,0,23246,1,0,4,0,1,1,,,1,,,,0.0,0.0,,0.0,0.0,,,,,0.0,0.0,,,,,,,,0.0,0.0,,0,,0
1,2013-04-04 08:32:15,12,187,,,219,30184,4,4.5,1,2.77,0.1302,5.2,7,195.32,0,23246,1,0,4,0,1,1,,,1,,,,,,,0.0,0.0,7.0,,,,0.0,0.0,,,,,,,,0.0,0.0,7.0,0,,0
1,2013-04-04 08:32:15,12,187,,,219,44147,3,3.5,1,2.2,0.0356,4.81,18,129.35,0,23246,1,0,4,0,1,1,,,1,,,,0.0,0.0,,0.0,0.0,,,,,,,,,,,,,,0.0,0.0,,0,,0
1,2013-04-04 08:32:15,12,187,,,219,50984,2,0.0,0,1.61,,4.14,35,85.37,0,23246,1,0,4,0,1,1,,,1,,,,,,,,,,,,,,,,,,,,,,,,,0,,0
1,2013-04-04 08:32:15,12,187,,,219,53341,4,4.0,1,2.56,0.1238,5.18,3,150.05,0,23246,1,0,4,0,1,1,,,1,,,,0.0,0.0,,0.0,0.0,,,,,,,,,,,,,,0.0,0.0,6.0,0,,0
1,2013-04-04 08:32:15,12,187,,,219,56880,4,4.0,1,2.83,0.1028,5.15,10,280.69,0,23246,1,0,4,0,1,1,,,1,,,,0.0,0.0,,0.0,0.0,,,,,0.0,0.0,,,,,,,,0.0,0.0,,0,,0
1,2013-04-04 08:32:15,12,187,,,219,59267,3,0.0,1,2.2,,5.08,20,190.14,0,23246,1,0,4,0,1,1,,,1,,,,1.0,0.0,11.0,0.0,0.0,,,,,,,,,,,,,,0.0,0.0,,0,,0
1,2013-04-04 08:32:15,12,187,,,219,59526,3,3.5,0,2.2,0.0377,4.78,19,100.89,0,23246,1,0,4,0,1,1,,,1,,,,0.0,0.0,,-1.0,0.0,5.0,,,,,,,,,,,,,1.0,0.0,31.0,0,,0
1,2013-04-04 08:32:15,12,187,,,219,68914,2,3.0,1,2.2,0.0206,4.44,13,100.89,0,23246,1,0,4,0,1,1,,,1,,,,0.0,0.0,11.0,0.0,0.0,,,,,0.0,-1.0,,,,,,,,0.0,0.0,11.0,1,114.29,1
1,2013-04-04 08:32:15,12,187,,,219,74474,3,4.5,1,2.4,0.1255,5.03,2,210.84,0,23246,1,0,4,0,1,1,,,1,,,,0.0,0.0,,0.0,0.0,,,,,0.0,0.0,,,,,,,,0.0,0.0,,0,,0
1,2013-04-04 08:32:15,12,187,,,219,81437,3,4.0,1,2.3,0.0155,5.03,15,138.4,0,23246,1,0,4,0,1,1,,,1,,,,0.0,0.0,,0.0,0.0,,,,,0.0,0.0,,,,,,,,0.0,0.0,,0,,0
1,2013-04-04 08:32:15,12,187,,,219,85728,2,3.0,1,1.79,0.0072,4.5,31,100.89,0,23246,1,0,4,0,1,1,,,1,,,,0.0,0.0,,0.0,0.0,8.0,,,,1.0,-1.0,14.0,,,,,,,0.0,0.0,,0,,0
1,2013-04-04 08:32:15,12,187,,,219,88096,4,4.0,1,2.94,0.066,5.18,23,152.63,1,23246,1,0,4,0,1,1,,,1,,,,0.0,0.0,5.0,0.0,0.0,5.0,,,,1.0,0.0,5.0,,,,,,,0.0,0.0,15.0,0,,0
1,2013-04-04 08:32:15,12,187,,,219,88127,3,3.0,1,1.39,0.0038,4.8,36,138.4,0,23246,1,0,4,0,1,1,,,1,,,,0.0,0.0,,0.0,0.0,,,,,,,,,,,,,,0.0,0.0,,0,,0
1,2013-04-04 08:32:15,12,187,,,219,88218,4,3.5,1,2.77,0.1266,4.98,8,115.12,0,23246,1,0,4,0,1,1,,,1,,,,0.0,0.0,,0.0,0.0,,,,,0.0,-1.0,,,,,,,,0.0,0.0,,0,,0
1,2013-04-04 08:32:15,12,187,,,219,89073,4,4.0,1,2.08,0.015,5.28,6,191.44,0,23246,1,0,4,0,1,1,,,1,,,,,,,0.0,0.0,5.0,,,,0.0,0.0,,,,,,,,0.0,0.0,5.0,0,,0
1,2013-04-04 08:32:15,12,187,,,219,95166,3,4.0,1,2.71,0.0359,4.71,28,122.88,0,23246,1,0,4,0,1,1,,,1,,,,0.0,0.0,12.0,0.0,0.0,6.0,,,,,,,,,,,,,0.0,0.0,,0,,0
1,2013-04-04 08:32:15,12,187,,,219,95307,4,3.5,1,2.4,0.1149,4.93,1,139.7,0,23246,1,0,4,0,1,1,,,1,,,,,,,0.0,0.0,29.0,,,,,1.0,,,,,,,,-1.0,0.0,27.0,0,,0
1,2013-04-04 08:32:15,12,187,,,219,97247,2,3.5,1,2.83,0.0145,4.68,32,115.12,0,23246,1,0,4,0,1,1,,,1,,,,0.0,0.0,,0.0,0.0,5.0,,,,1.0,1.0,9.0,,,,,,,-1.0,0.0,5.0,0,,0
1,2013-04-04 08:32:15,12,187,,,219,107872,2,3.5,1,2.71,0.0465,4.44,12,128.06,0,23246,1,0,4,0,1,1,,,1,,,,0.0,0.0,23.0,0.0,0.0,10.0,,,,1.0,-1.0,3.0,,,,,,,0.0,0.0,14.0,0,,0
1,2013-04-04 08:32:15,12,187,,,219,111000,3,4.5,1,2.2,0.0164,5.02,24,181.09,0,23246,1,0,4,0,1,1,,,1,,,,0.0,0.0,,0.0,0.0,,,,,0.0,0.0,,,,,,,,0.0,0.0,,0,,0
1,2013-04-04 08:32:15,12,187,,,219,111106,3,2.5,1,0.69,0.0071,4.67,37,120.29,0,23246,1,0,4,0,1,1,,,1,,,,0.0,0.0,,0.0,0.0,,,,,,,,,,,,,,0.0,0.0,,0,,0
1,2013-04-04 08:32:15,12,187,,,219,114766,2,3.5,1,1.61,0.0052,4.67,33,104.77,0,23246,1,0,4,0,1,1,,,1,,,,,,,,,,,,,,-1.0,,,,,,,,,,,0,,0
1,2013-04-04 08:32:15,12,187,,,219,122844,3,4.5,1,2.3,0.0032,5.46,29,190.14,0,23246,1,0,4,0,1,1,,,1,,,,0.0,0.0,,0.0,0.0,,,,,0.0,0.0,,,,,,,,0.0,0.0,,0,,0
4,2012-12-31 08:59:22,5,219,,,219,3625,4,4.0,0,3.22,0.2544,5.98,21,295.0,0,12588,2,46,1,0,1,1,,238.35,1,,,,,,,,,,,,,,,,,,,,,,,,,0,,0
4,2012-12-31 08:59:22,5,219,,,219,11622,4,4.0,0,2.71,,5.64,36,299.0,0,12588,2,46,1,0,1,1,,238.34,1,,,,,,,,,,,,,,,,,,,,,,,,,0,,0
4,2012-12-31 08:59:22,5,219,,,219,11826,5,4.5,1,3.22,0.1924,6.1,22,373.0,1,12588,2,46,1,0,1,1,,238.33,1,,,,,,,,,,,,,,,,,,,,,,,,,0,,0
4,2012-12-31 08:59:22,5,219,,,219,22824,3,4.0,0,3.26,0.3729,5.74,4,329.0,0,12588,2,46,1,0,1,1,,238.29,1,,,,,,,,,,,,,,,,,,,,,,,,,0,,0
4,2012-12-31 08:59:22,5,219,,,219,37581,5,4.5,0,3.09,0.2508,6.21,26,600.0,0,12588,2,46,1,0,1,1,,238.35,1,,,,,,,,,,,,,,,,,,,,,,,,,0,,0
4,2012-12-31 08:59:22,5,219,,,219,39993,4,4.0,1,3.09,0.1692,5.69,3,365.0,0,12588,2,46,1,0,1,1,,237.94,1,,,,,,,,,,,,,,,,,,,,,,,,,0,,0
4,2012-12-31 08:59:22,5,219,,,219,46162,4,4.5,0,3.26,0.3582,5.73,24,331.0,1,12588,2,46,1,0,1,1,,238.32,1,,,,,,,,,,,,,,,,,,,,,,,,,0,,0
4,2012-12-31 08:59:22,5,219,,,219,49152,4,4.5,1,3.09,0.1417,5.92,9,329.0,0,12588,2,46,1,0,1,1,,238.3,1,,,,,,,,,,,,,,,,,,,,,,,,,0,,0
4,2012-12-31 08:59:22,5,219,,,219,56063,4,4.5,0,3.26,0.3246,5.91,18,259.0,0,12588,2,46,1,0,1,1,,238.33,1,,,,,,,,,,,,,,,,,,,,,,,,,0,,0
4,2012-12-31 08:59:22,5,219,,,219,56472,4,4.5,1,1.1,0.0149,5.55,10,335.0,0,12588,2,46,1,0,1,1,,238.54,1,,,,,,,,,,,,,,,,,,,,,,,,,0,,0
4,2012-12-31 08:59:22,5,219,,,219,58696,0,4.5,0,1.61,0.0823,5.39,29,219.0,0,12588,2,46,1,0,1,1,,236.91,1,,,,,,,,,,,,,,,,,,,,,,,,,0,,0
4,2012-12-31 08:59:22,5,219,,,219,64344,4,3.0,1,1.79,,5.79,31,267.0,0,12588,2,46,1,0,1,1,,238.4,1,,,,,,,,,,,,,,,,,,,,,,,,,0,,0
4,2012-12-31 08:59:22,5,219,,,219,65984,2,3.5,0,3.09,0.223,5.08,25,194.0,0,12588,2,46,1,0,1,1,,238.31,1,,,,,,,,,,,,,,,,,,,,,,,,,0,,0
4,2012-12-31 08:59:22,5,219,,,219,71258,1,2.0,0,0.69,0.0131,4.29,19,70.0,0,12588,2,46,1,0,1,1,,236.59,1,,,,,,,,,,,,,,,,,,,,,,,,,0,,0
4,2012-12-31 08:59:22,5,219,,,219,75491,2,3.5,0,3.22,0.3696,5.52,8,189.0,0,12588,2,46,1,0,1,1,,238.3,1,,,,,,,,,,,,,,,,,,,,,,,,,0,,0
4,2012-12-31 08:59:22,5,219,,,219,81172,0,4.0,0,0.69,,5.56,33,289.0,0,12588,2,46,1,0,1,1,,234.51,1,,,,,,,,,,,,,,,,,,,,,,,,,0,,0
4,2012-12-31 08:59:22,5,219,,,219,83045,3,3.5,0,3.26,0.3431,5.6,2,219.0,0,12588,2,46,1,0,1,1,,238.33,1,,,,,,,,,,,,,,,,,,,,,,,,,0,,0
4,2012-12-31 08:59:22,5,219,,,219,83430,4,4.5,0,2.77,0.0362,5.85,27,405.0,0,12588,2,46,1,0,1,1,,238.4,1,,,,,,,,,,,,,,,,,,,,,,,,,0,,0
4,2012-12-31 08:59:22,5,219,,,219,83806,4,4.0,1,3.18,0.3483,5.92,6,330.0,0,12588,2,46,1,0,1,1,,238.29,1,,,,,,,,,,,,,,,,,,,,,,,,,0,,0
4,2012-12-31 08:59:22,5,219,,,219,85567,2,4.0,1,0.69,0.0408,5.14,7,135.0,0,12588,2,46,1,0,1,1,,236.0,1,,,,,,,,,,,,,,,,,,,,,,,,,0,,0
4,2012-12-31 08:59:22,5,219,,,219,85742,3,4.0,0,1.1,,5.36,30,169.0,1,12588,2,46,1,0,1,1,,234.1,1,,,,,,,,,,,,,,,,,,,,,,,,,0,,0
4,2012-12-31 08:59:22,5,219,,,219,89119,4,4.5,1,3.18,0.2742,5.6,14,255.0,1,12588,2,46,1,0,1,1,,238.06,1,,,,,,,,,,,,,,,,,,,,,,,,,0,,0
4,2012-12-31 08:59:22,5,219,,,219,97099,4,4.0,1,3.22,0.3611,6.04,13,408.0,0,12588,2,46,1,0,1,1,,238.3,1,,,,,,,,,,,,,,,,,,,,,,,,,0,,0
4,2012-12-31 08:59:22,5,219,,,219,109185,4,4.5,1,3.18,0.3138,6.08,20,323.0,1,12588,2,46,1,0,1,1,,238.28,1,,,,,,,,,,,,,,,,,,,,,,,,,0,,0
4,2012-12-31 08:59:22,5,219,,,219,110813,2,4.0,0,2.4,,5.14,32,139.0,1,12588,2,46,1,0,1,1,,233.87,1,,,,,,,,,,,,,,,,,,,,,,,,,0,,0
4,2012-12-31 08:59:22,5,219,,,219,116696,2,4.0,0,2.4,,5.12,35,139.0,0,12588,2,46,1,0,1,1,,238.43,1,,,,0.0,0.0,,0.0,0.0,,,,,0.0,0.0,,,,,,,,0.0,0.0,,0,,0
4,2012-12-31 08:59:22,5,219,,,219,125069,3,4.0,1,1.61,0.0969,5.28,1,159.0,1,12588,2,46,1,0,1,1,,236.91,1,,,,,,,,,,,,,,,,,,,,,,,,,0,,0
4,2012-12-31 08:59:22,5,219,,,219,127808,2,2.5,0,3.0,0.0457,5.25,15,79.0,0,12588,2,46,1,0,1,1,,237.73,1,,,,,,,,,,,,,,,,,,,,,,,,,0,,0
4,2012-12-31 08:59:22,5,219,,,219,129278,3,3.5,0,1.79,,4.82,34,160.0,0,12588,2,46,1,0,1,1,,238.38,1,,,,,,,,,,,,,,,,,,,,,,,,,0,,0
4,2012-12-31 08:59:22,5,219,,,219,134162,5,4.5,0,3.09,0.2677,6.14,12,525.0,0,12588,2,46,1,0,1,1,,238.34,1,,,,,,,,,,,,,,,,,,,,,,,,,0,,0
4,2012-12-31 08:59:22,5,219,,,219,137826,2,3.0,0,3.26,0.3147,5.25,28,181.0,0,12588,2,46,1,0,1,1,,238.21,1,,,,,,,,,,,,,,,,,,,,,,,,,0,,0
4,2012-12-31 08:59:22,5,219,,,219,139893,2,3.0,1,1.61,0.0309,5.25,16,129.0,0,12588,2,46,1,0,1,1,,236.14,1,,,,,,,,,,,,,,,,,,,,,,,,,1,,0
6,2013-06-05 12:27:51,14,100,,,100,10759,0,2.0,0,1.95,,0.0,4,97.63,0,21106,1,5,2,0,1,0,,652.84,0,,,,,,,,,,,,,,0.0,,,,,,,,,,,0,,0
6,2013-06-05 12:27:51,14,100,,,100,22135,0,5.0,0,1.95,,0.0,6,115.03,0,21106,1,5,2,0,1,0,,652.84,0,,,,,,,,,,,,,,0.0,,,,,,,,,,,0,,0
6,2013-06-05 12:27:51,14,100,,,100,52376,2,0.0,1,1.95,,0.0,2,86.03,0,21106,1,5,2,0,1,0,,652.85,0,,,,,,,,,,,,,,,,,,,,,,,,,0,,0
6,2013-06-05 12:27:51,14,100,,,100,104251,3,4.0,1,1.95,,0.0,1,145.0,0,21106,1,5,2,0,1,0,,652.84,0,,,,,,,,,,,,,,,,,,,,,,,,,1,162.38,1
6,2013-06-05 12:27:51,14,100,,,100,118866,2,4.5,1,1.95,,0.0,3,183.66,0,21106,1,5,2,0,1,0,,652.78,0,,,,,,,,,,,,,,,,,,,,,,,,,0,,0
8,2013-03-20 17:50:44,5,219,,,219,10250,3,3.5,1,1.39,0.0321,4.64,15,82.0,0,7082,1,0,1,0,1,0,,5.4,0,,,,0.0,0.0,,0.0,0.0,,,,,,,,,,,,,,0.0,0.0,,0,,0
8,2013-03-20 17:50:44,5,219,,,219,13252,4,4.5,1,0.0,,5.49,19,160.0,1,7082,1,0,1,0,1,0,,3.98,0,,,,,,,0.0,0.0,,,,,1.0,0.0,42.0,,,,,,,1.0,0.0,43.0,0,,0
8,2013-03-20 17:50:44,5,219,,,219,22756,4,4.0,1,2.83,0.2251,5.11,10,259.0,0,7082,1,0,1,0,1,0,,4.41,0,,,,0.0,0.0,,-1.0,0.0,7.0,,,,0.0,0.0,7.0,,,,,,,-1.0,0.0,7.0,0,,0
8,2013-03-20 17:50:44,5,219,,,219,27669,3,3.5,1,3.0,0.2107,4.62,16,85.0,0,7082,1,0,1,0,1,0,,4.17,0,,,,,,,0.0,0.0,,,,,,1.0,,,,,,,,0.0,0.0,,1,96.41,1
8,2013-03-20 17:50:44,5,219,,,219,30630,3,4.0,1,0.0,,4.81,20,109.0,0,7082,1,0,1,0,1,0,,3.69,0,,,,1.0,0.0,4.0,-1.0,0.0,9.0,,,,,,,,,,,,,0.0,0.0,,0,,0
8,2013-03-20 17:50:44,5,219,,,219,32491,3,4.5,1,2.3,0.0516,5.18,6,199.0,0,7082,1,0,1,0,1,0,,4.45,0,,,,,1.0,,,,,,,,,1.0,,,,,,,,,1.0,,0,,0
8,2013-03-20 17:50:44,5,219,,,219,33805,3,3.5,1,3.14,0.1393,4.89,13,119.0,1,7082,1,0,1,0,1,0,,3.83,0,,,,0.0,0.0,,0.0,0.0,,,,,0.0,0.0,,,,,,,,0.0,0.0,,0,,0
8,2013-03-20 17:50:44,5,219,,,219,35397,3,4.5,1,1.39,0.1,4.82,12,119.0,1,7082,1,0,1,0,1,0,,5.07,0,,,,0.0,0.0,,1.0,0.0,25.0,,,,0.0,0.0,,,,,,,,0.0,0.0,,0,,0
8,2013-03-20 17:50:44,5,219,,,219,39137,2,3.5,1,1.61,0.0813,4.55,14,80.0,0,7082,1,0,1,0,1,0,,4.85,0,,,,0.0,0.0,,0.0,0.0,,,,,0.0,0.0,,,,,,,,0.0,0.0,,0,,0
8,2013-03-20 17:50:44,5,219,,,219,41497,3,4.5,1,1.79,0.0432,5.1,1,189.0,0,7082,1,0,1,0,1,0,,1.64,0,,,,0.0,0.0,,1.0,0.0,5.0,,,,0.0,0.0,,,,,,,,0.0,0.0,,0,,0
8,2013-03-20 17:50:44,5,219,,,219,54403,2,3.5,1,0.0,,4.44,22,66.0,0,7082,1,0,1,0,1,0,,8.77,0,,,,0.0,0.0,,0.0,0.0,,,,,0.0,0.0,,,,,,,,0.0,0.0,,0,,0
8,2013-03-20 17:50:44,5,219,,,219,58176,0,0.0,0,1.79,,4.71,25,150.0,0,7082,1,0,1,0,1,0,,0.54,0,,,,,,,,,,,,,,,,,,,,,,,,,0,,0
8,2013-03-20 17:50:44,5,219,,,219,63511,3,4.5,1,1.39,,5.36,21,209.0,0,7082,1,0,1,0,1,0,,1.49,0,,,,0.0,0.0,,0.0,0.0,,,,,0.0,0.0,,,,,,,,0.0,1.0,,0,,0
8,2013-03-20 17:50:44,5,219,,,219,66444,4,4.5,1,1.39,,5.34,18,239.0,0,7082,1,0,1,0,1,0,,1.41,0,,,,,1.0,,,,,,,,,1.0,,,,,,,,,1.0,,0,,0
8,2013-03-20 17:50:44,5,219,,,219,67150,4,4.5,1,2.89,0.2295,5.39,4,259.0,0,7082,1,0,1,0,1,0,,4.34,0,,,,0.0,0.0,,0.0,0.0,,,,,,1.0,,,,,,,,0.0,0.0,,0,,0
8,2013-03-20 17:50:44,5,219,,,219,73738,3,4.5,1,1.39,0.0883,5.14,3,189.0,0,7082,1,0,1,0,1,0,,4.8,0,,,,,,,0.0,0.0,,,,,0.0,0.0,,,,,,,,0.0,0.0,,0,,0
8,2013-03-20 17:50:44,5,219,,,219,83293,3,4.5,1,2.94,0.0731,5.12,2,239.0,0,7082,1,0,1,0,1,0,,4.05,0,,,,,1.0,,,,,,,,,1.0,,,,,,,,,1.0,,0,,0
8,2013-03-20 17:50:44,5,219,,,219,90151,5,4.5,0,2.56,0.1592,5.7,7,259.0,0,7082,1,0,1,0,1,0,,4.52,0,,,,,,,,,,,,,,,,,,,,,,,,,0,,0
8,2013-03-20 17:50:44,5,219,,,219,119302,3,3.5,1,1.95,,4.76,24,93.0,0,7082,1,0,1,0,1,0,,1.16,0,,,,0.0,0.0,,0.0,0.0,,,,,,,,,,,,,,0.0,1.0,,0,,0
8,2013-03-20 17:50:44,5,219,,,219,125655,3,4.0,1,3.0,0.2427,4.97,9,149.0,0,7082,1,0,1,0,1,0,,4.26,0,,,,0.0,0.0,,0.0,0.0,,,,,0.0,0.0,,,,,,,,0.0,0.0,,0,,0
8,2013-03-20 17:50:44,5,219,,,219,134607,3,4.5,1,1.79,0.0434,4.99,8,189.0,0,7082,1,0,1,0,1,0,,1.61,0,,,,-1.0,0.0,5.0,0.0,0.0,,,,,0.0,0.0,5.0,,,,,,,0.0,0.0,,0,,0
11,2013-02-25 08:39:33,5,219,,,219,6492,2,4.0,1,2.3,,3.91,36,47.0,0,12610,1,39,2,0,1,1,,284.56,1,,,,1.0,0.0,12.0,0.0,0.0,,,,,,,,,,,,,,1.0,0.0,12.0,0,,0
11,2013-02-25 08:39:33,5,219,,,219,8946,3,4.5,1,1.95,,5.17,19,84.0,0,12610,1,39,2,0,1,1,,288.12,1,,,,0.0,1.0,,0.0,0.0,,,,,1.0,0.0,20.0,,,,,,,0.0,0.0,,0,,0
11,2013-02-25 08:39:33,5,219,,,219,9952,2,3.0,1,1.61,,4.1,14,50.0,0,12610,1,39,2,0,1,1,,275.55,1,,,,,,,,,,,,,,,,,,,,,,,,,0,,0
11,2013-02-25 08:39:33,5,219,,,219,19470,2,3.5,1,1.39,,4.37,9,60.0,0,12610,1,39,2,0,1,1,,275.42,1,,,,,,,,,,,,,,,,,,,,,,,,,0,,0
11,2013-02-25 08:39:33,5,219,,,219,20499,2,3.5,1,2.2,,4.11,31,45.0,0,12610,1,39,2,0,1,1,,284.67,1,,,,0.0,0.0,,0.0,0.0,,,,,,,,,,,,,,0.0,0.0,,1,,0
11,2013-02-25 08:39:33,5,219,,,219,24526,3,4.0,1,0.69,0.1099,4.94,2,119.0,0,12610,1,39,2,0,1,1,,278.73,1,,,,0.0,0.0,,0.0,0.0,,,,,0.0,0.0,,,,,,,,0.0,0.0,,0,,0
11,2013-02-25 08:39:33,5,219,,,219,26421,3,5.0,1,2.08,,5.07,25,89.0,0,12610,1,39,2,0,1,1,,287.79,1,,,,,1.0,,0.0,0.0,,,,,0.0,0.0,,,,,,,,0.0,0.0,,0,,0
11,2013-02-25 08:39:33,5,219,,,219,27675,3,4.5,1,1.1,0.1626,4.7,7,85.0,0,12610,1,39,2,0,1,1,,279.74,1,,,,0.0,0.0,,0.0,0.0,,,,,,,,,,,,,,0.0,0.0,,0,,0
11,2013-02-25 08:39:33,5,219,,,219,28364,3,4.5,1,1.61,0.2046,4.73,3,79.0,0,12610,1,39,2,0,1,1,,280.57,1,,,,0.0,0.0,,0.0,0.0,,,,,0.0,0.0,,,,,,,,0.0,0.0,,0,,0
11,2013-02-25 08:39:33,5,219,,,219,33980,3,5.0,1,1.1,,5.03,13,98.0,0,12610,1,39,2,0,1,1,,283.87,1,,,,,1.0,,0.0,0.0,,,,,0.0,0.0,,,,,,,,0.0,0.0,,0,,0
11,2013-02-25 08:39:33,5,219,,,219,35021,3,4.0,1,2.08,,4.99,26,153.0,0,12610,1,39,2,0,1,1,,287.83,1,,,,0.0,0.0,,,,,,,,,,,,,,,,,0.0,0.0,,0,,0
11,2013-02-25 08:39:33,5,219,,,219,38443,3,4.0,1,2.4,,4.58,18,60.0,0,12610,1,39,2,0,1,1,,284.42,1,,,,-1.0,0.0,10.0,-1.0,1.0,10.0,,,,,,,,,,,,,-1.0,0.0,10.0,0,,0
11,2013-02-25 08:39:33,5,219,,,219,47116,3,4.5,1,2.08,,4.95,22,84.0,0,12610,1,39,2,0,1,1,,287.82,1,,,,0.0,0.0,11.0,0.0,0.0,11.0,,,,,,,,,,,,,0.0,0.0,11.0,0,,0
11,2013-02-25 08:39:33,5,219,,,219,59898,3,0.0,1,2.08,,4.84,32,76.0,0,12610,1,39,2,0,1,1,,288.1,1,,,,,,,0.0,0.0,,,,,,,,,,,,,,0.0,0.0,,0,,0
11,2013-02-25 08:39:33,5,219,,,219,63095,2,3.5,1,1.61,,4.92,33,65.0,0,12610,1,39,2,0,1,1,,287.66,1,,,,0.0,0.0,,0.0,0.0,,,,,0.0,0.0,,,,,,,,0.0,0.0,,0,,0
11,2013-02-25 08:39:33,5,219,,,219,69993,2,2.5,1,2.2,,4.22,27,34.0,0,12610,1,39,2,0,1,1,,284.47,1,,,,0.0,-1.0,,0.0,-1.0,,,,,1.0,-1.0,17.0,,,,,,,0.0,-1.0,,0,,0
11,2013-02-25 08:39:33,5,219,,,219,73511,3,5.0,1,0.0,,4.91,29,75.0,0,12610,1,39,2,0,1,1,,287.02,1,,,,0.0,1.0,,0.0,0.0,,,,,0.0,0.0,,,,,,,,0.0,0.0,,0,,0
11,2013-02-25 08:39:33,5,219,,,219,74499,3,4.5,1,0.69,0.1555,4.68,8,74.0,0,12610,1,39,2,0,1,1,,279.07,1,,,,,,,1.0,0.0,20.0,,,,1.0,0.0,20.0,,,,,,,1.0,0.0,20.0,0,,0
11,2013-02-25 08:39:33,5,219,,,219,75743,3,4.5,1,0.0,,4.88,24,93.0,0,12610,1,39,2,0,1,1,,276.98,1,,,,,,,,,,,,,,,,,,,,,,,,,0,,0
11,2013-02-25 08:39:33,5,219,,,219,78768,3,5.0,1,2.08,,4.95,12,93.0,0,12610,1,39,2,0,1,1,,287.89,1,,,,,,,-1.0,0.0,9.0,,,,-1.0,0.0,9.0,,,,,,,-1.0,0.0,9.0,0,,0
11,2013-02-25 08:39:33,5,219,,,219,80764,2,3.5,1,1.79,,3.87,21,60.0,0,12610,1,39,2,0,1,1,,283.89,1,,,,0.0,0.0,,,1.0,,,,,,,,,,,,,,-1.0,0.0,10.0,0,,0
11,2013-02-25 08:39:33,5,219,,,219,83769,4,4.5,1,2.08,,5.24,37,123.0,0,12610,1,39,2,0,1,1,,288.09,1,,,,,1.0,,0.0,0.0,,,,,0.0,0.0,,,,,,,,-1.0,0.0,7.0,0,,0
11,2013-02-25 08:39:33,5,219,,,219,85264,2,3.0,1,1.95,,4.31,30,70.0,0,12610,1,39,2,0,1,1,,285.8,1,,,,0.0,0.0,,0.0,0.0,,,,,,,,,,,,,,0.0,0.0,,0,,0
11,2013-02-25 08:39:33,5,219,,,219,86294,2,3.0,1,2.2,,4.01,28,51.0,0,12610,1,39,2,0,1,1,,284.72,1,,,,0.0,0.0,,0.0,0.0,,,,,,,,,,,,,,0.0,0.0,,0,,0
11,2013-02-25 08:39:33,5,219,,,219,93949,3,4.0,0,1.61,,4.64,35,74.0,0,12610,1,39,2,0,1,1,,287.04,1,,,,0.0,0.0,3.0,0.0,0.0,3.0,,,,,,,,,,,,,-1.0,0.0,10.0,0,,0
11,2013-02-25 08:39:33,5,219,,,219,95615,3,4.5,0,1.39,0.0702,4.64,6,80.0,0,12610,1,39,2,0,1,1,,280.76,1,,,,0.0,0.0,,0.0,0.0,,,,,0.0,0.0,,,,,,,,0.0,0.0,,0,,0
11,2013-02-25 08:39:33,5,219,,,219,100969,4,4.5,0,1.39,,4.98,16,89.0,1,12610,1,39,2,0,1,1,,287.77,1,,,,1.0,0.0,25.0,0.0,0.0,,,,,,,,,,,,,,1.0,0.0,25.0,0,,0
11,2013-02-25 08:39:33,5,219,,,219,102705,3,5.0,1,1.39,0.2323,4.86,4,87.0,0,12610,1,39,2,0,1,1,,280.41,1,,,,,1.0,,0.0,0.0,,,,,1.0,0.0,9.0,,,,,,,0.0,0.0,,0,,0
11,2013-02-25 08:39:33,5,219,,,219,114096,3,4.0,1,1.61,,4.98,34,62.0,0,12610,1,39,2,0,1,1,,288.2,1,,,,0.0,0.0,,0.0,0.0,,,,,1.0,0.0,107.0,,,,,,,0.0,0.0,,0,,0
11,2013-02-25 08:39:33,5,219,,,219,122888,3,4.5,1,1.1,0.2605,4.89,1,71.0,0,12610,1,39,2,0,1,1,,281.08,1,,,,0.0,1.0,,0.0,0.0,,,,,0.0,0.0,,,,,,,,0.0,0.0,,0,,0
11,2013-02-25 08:39:33,5,219,,,219,124104,3,4.0,1,1.1,,4.64,10,85.0,0,12610,1,39,2,0,1,1,,275.81,1,,,,,,,,,,,,,,,,,,,,,,,,,0,,0
11,2013-02-25 08:39:33,5,219,,,219,134563,3,4.0,1,2.2,,4.73,20,73.0,0,12610,1,39,2,0,1,1,,284.5,1,,,,0.0,0.0,,0.0,0.0,,,,,0.0,0.0,,,,,,,,0.0,0.0,,0,,0
11,2013-02-25 08:39:33,5,219,,,219,136184,3,4.0,0,2.2,,4.59,15,81.0,0,12610,1,39,2,0,1,1,,284.78,1,,,,0.0,0.0,,0.0,0.0,,,,,,,,,,,,,,0.0,0.0,,0,,0
12,2013-03-15 14:55:16,5,219,,,158,7814,3,3.5,0,0.0,0.0476,4.46,25,43.0,1,26648,2,21,3,0,1,1,,9270.55,1,,,,,,,,,,,,,0.0,0.0,,,,,,,,,,,0,,0
12,2013-03-15 14:55:16,5,219,,,158,10881,3,3.0,0,3.14,,4.46,28,44.0,0,26648,2,21,3,0,1,1,,9285.88,1,,,,,,,,,,,,,1.0,0.0,16.0,,,,,,,,,,0,,0
12,2013-03-15 14:55:16,5,219,,,158,12510,4,0.0,0,1.1,,4.41,24,51.0,0,26648,2,21,3,0,1,1,,9288.15,1,,,,,,,,,,,,,,,,,,,,,,,,,0,,0
12,2013-03-15 14:55:16,5,219,,,158,17122,4,3.5,0,2.64,,4.22,13,53.0,0,26648,2,21,3,0,1,1,,9278.6,1,,,,,,,,,,,,,,,,,,,,,,,,,0,,0
12,2013-03-15 14:55:16,5,219,,,158,18012,5,4.5,0,3.22,0.1909,5.66,18,221.0,0,26648,2,21,3,0,1,1,,9286.02,1,,,,,,,,,,,,,0.0,0.0,,,,,,,,,,,0,,0
12,2013-03-15 14:55:16,5,219,,,158,29081,3,0.0,0,3.3,,4.41,3,37.0,0,26648,2,21,3,0,1,1,,9286.32,1,,,,,,,,,,,,,,,,,,,,,,,,,0,,0
12,2013-03-15 14:55:16,5,219,,,158,43250,3,0.0,1,3.3,,4.46,14,40.0,0,26648,2,21,3,0,1,1,,9286.38,1,,,,,,,,,,,,,1.0,0.0,39.0,,,,,,,,,,0,,0
12,2013-03-15 14:55:16,5,219,,,158,45722,3,4.0,0,3.26,,4.46,4,29.0,1,26648,2,21,3,0,1,1,,9286.44,1,,,,,,,,,,,,,1.0,0.0,56.0,,,,,,,,,,0,,0
12,2013-03-15 14:55:16,5,219,,,158,47902,3,3.5,0,3.26,,4.46,22,49.0,0,26648,2,21,3,0,1,1,,9286.15,1,,,,,,,,,,,,,,1.0,,,,,,,,,,,0,,0
12,2013-03-15 14:55:16,5,219,,,158,55331,5,4.5,0,2.3,,5.62,15,138.0,1,26648,2,21,3,0,1,1,,9288.85,1,,,,,,,,,,,,,0.0,0.0,,,,,,,,,,,0,,0
12,2013-03-15 14:55:16,5,219,,,158,59368,3,2.0,0,3.18,,4.46,26,35.0,0,26648,2,21,3,0,1,1,,9286.5,1,,,,,,,,,,,,,1.0,0.0,5.0,,,,,,,,,,0,,0
12,2013-03-15 14:55:16,5,219,,,158,73964,3,2.0,0,3.09,0.1419,4.58,32,29.0,1,26648,2,21,3,0,1,1,,9285.73,1,,,,,,,,,,,,,,1.0,,,,,,,,,,,0,,0
12,2013-03-15 14:55:16,5,219,,,158,82017,4,3.5,0,2.64,,4.22,19,93.0,0,26648,2,21,3,0,1,1,,9278.98,1,,,,,,,,,,,,,,,,,,,,,,,,,0,,0
12,2013-03-15 14:55:16,5,219,,,158,83229,5,4.5,1,2.64,0.1429,4.12,7,147.0,1,26648,2,21,3,0,1,1,,9278.98,1,,,,,,,,,,,,,,,,,,,,,,,,,0,,0
12,2013-03-15 14:55:16,5,219,,,158,84441,3,4.0,0,2.64,0.0476,3.75,9,41.0,1,26648,2,21,3,0,1,1,,9278.89,1,,,,,,,,,,,,,,,,,,,,,,,,,0,,0
12,2013-03-15 14:55:16,5,219,,,158,89698,3,4.0,0,2.71,,4.46,6,74.0,0,26648,2,21,3,0,1,1,,9287.12,1,,,,,,,,,,,,,1.0,0.0,12.0,,,,,,,,,,0,,0
12,2013-03-15 14:55:16,5,219,,,158,92506,3,3.0,0,3.14,,4.46,29,35.0,0,26648,2,21,3,0,1,1,,9286.65,1,,,,,,,,,,,,,1.0,0.0,40.0,,,,,,,,,,0,,0
12,2013-03-15 14:55:16,5,219,,,158,93021,4,4.0,1,2.64,,4.22,8,66.0,1,26648,2,21,3,0,1,1,,9279.04,1,,,,,,,,,,,,,,,,,,,,,,,,,0,,0
12,2013-03-15 14:55:16,5,219,,,158,97754,3,3.0,0,3.26,,4.46,2,32.0,1,26648,2,21,3,0,1,1,,9286.45,1,,,,,,,,,,,,,1.0,0.0,6.0,,,,,,,,,,0,,0
12,2013-03-15 14:55:16,5,219,,,158,105912,3,3.0,0,2.64,,3.75,30,36.0,1,26648,2,21,3,0,1,1,,9278.72,1,,,,,,,,,,,,,,,,,,,,,,,,,0,,0
12,2013-03-15 14:55:16,5,219,,,158,108971,4,0.0,0,0.69,,4.22,27,52.0,0,26648,2,21,3,0,1,1,,9277.19,1,,,,,,,,,,,,,,,,,,,,,,,,,0,,0
12,2013-03-15 14:55:16,5,219,,,158,111957,4,4.5,0,2.4,,4.41,10,87.0,0,26648,2,21,3,0,1,1,,9288.96,1,,,,,,,,,,,,,,,,,,,,,,,,,0,,0
12,2013-03-15 14:55:16,5,219,,,158,113997,3,3.5,1,2.89,0.4855,4.4,21,58.0,1,26648,2,21,3,0,1,1,,9285.47,1,,,,,,,,,,,,,0.0,0.0,,,,,,,,,,,0,,0
12,2013-03-15 14:55:16,5,219,,,158,114662,4,4.0,0,2.71,,4.22,12,50.0,1,26648,2,21,3,0,1,1,,9278.91,1,,,,,,,,,,,,,,,,,,,,,,,,,0,,0
12,2013-03-15 14:55:16,5,219,,,158,117707,5,4.0,0,3.3,,5.09,16,106.0,1,26648,2,21,3,0,1,1,,9286.31,1,,,,,,,,,,,,,0.0,0.0,,,,,,,,,,,0,,0
12,2013-03-15 14:55:16,5,219,,,158,121983,5,4.5,1,2.77,,5.38,31,174.0,1,26648,2,21,3,0,1,1,,9285.44,1,,,,,,,,,,,,,1.0,0.0,6.0,,,,,,,,,,0,,0
12,2013-03-15 14:55:16,5,219,,,158,129310,3,3.5,0,0.0,0.0476,3.75,1,27.0,0,26648,2,21,3,0,1,1,,9283.62,1,,,,,,,,,,,,,,,,,,,,,,,,,1,,0
12,2013-03-15 14:55:16,5,219,,,158,139181,3,0.0,0,2.94,,4.46,20,55.0,0,26648,2,21,3,0,1,1,,9286.88,1,,,,,,,,,,,,,,,,,,,,,,,,,0,,0
17,2012-11-05 19:52:18,18,129,,,31,2196,4,4.5,0,6.83,0.7355,5.58,29,275.11,1,6285,4,194,4,1,2,1,,433.61,1,,,,,,,,,,,,,0.0,0.0,,1.0,0.0,3.0,1.0,0.0,3.0,,,,0,,0
17,2012-11-05 19:52:18,18,129,,,31,3309,3,3.5,0,6.64,0.3716,4.66,2,150.99,0,6285,4,194,4,1,2,1,,434.25,1,,,,,,,,,,,,,,,,,,,0.0,0.0,,,,,0,,0
17,2012-11-05 19:52:18,18,129,,,31,11331,4,4.0,0,6.89,0.7774,5.17,6,305.82,0,6285,4,194,4,1,2,1,,433.88,1,,,,,,,,,,,,,0.0,0.0,,,,,,,,,,,0,,0
17,2012-11-05 19:52:18,18,129,,,31,17795,4,4.0,0,6.87,0.7659,5.5,25,271.27,1,6285,4,194,4,1,2,1,,433.97,1,,,,,,,,,,,,,,,,1.0,0.0,11.0,1.0,0.0,220.0,,,,0,,0
17,2012-11-05 19:52:18,18,129,,,31,21770,3,4.5,0,6.73,0.6478,5.12,14,168.91,0,6285,4,194,4,1,2,1,,433.46,1,,,,,,,,,,,,,1.0,0.0,10.0,,,,1.0,0.0,24.0,,,,0,,0
17,2012-11-05 19:52:18,18,129,,,31,23984,4,4.0,0,6.9,0.6856,5.33,10,327.58,0,6285,4,194,4,1,2,1,,433.82,1,,,,,,,,,,,,,-1.0,0.0,30.0,-1.0,0.0,30.0,1.0,0.0,148.0,,,,0,,0
17,2012-11-05 19:52:18,18,129,,,31,28503,4,4.5,0,6.87,0.6705,5.55,21,203.45,0,6285,4,194,4,1,2,1,,434.08,1,,,,,,,,,,,,,0.0,0.0,,0.0,0.0,,0.0,0.0,,,,,0,,0
17,2012-11-05 19:52:18,18,129,,,31,35054,4,3.5,0,6.75,0.7072,5.52,22,310.94,0,6285,4,194,4,1,2,1,,433.56,1,,,,,,,,,,,,,0.0,0.0,,0.0,0.0,,0.0,0.0,,,,,0,,0
17,2012-11-05 19:52:18,18,129,,,31,43549,3,4.0,0,6.89,0.7204,5.34,19,189.38,1,6285,4,194,4,1,2,1,,433.8,1,,,,,,,,,,,,,0.0,0.0,,,,,0.0,0.0,,,,,0,,0
17,2012-11-05 19:52:18,18,129,,,31,45379,3,4.0,0,6.7,0.6259,5.03,30,278.95,0,6285,4,194,4,1,2,1,,433.56,1,,,,,,,,,,,,,0.0,0.0,,,,,0.0,0.0,,,,,0,,0
17,2012-11-05 19:52:18,18,129,,,31,56046,4,4.0,0,6.69,0.6168,5.0,9,229.05,0,6285,4,194,4,1,2,1,,433.43,1,,,,,,,,,,,,,0.0,0.0,,0.0,0.0,,,1.0,,,,,0,,0
17,2012-11-05 19:52:18,18,129,,,31,58295,4,4.5,1,6.89,0.783,5.67,4,323.74,0,6285,4,194,4,1,2,1,,433.88,1,,,,,,,,,,,,,-1.0,0.0,15.0,-1.0,0.0,15.0,,1.0,,,,,0,,0
17,2012-11-05 19:52:18,18,129,,,31,66095,4,3.5,0,6.88,0.7731,5.23,26,235.44,1,6285,4,194,4,1,2,1,,433.96,1,,,,,,,,,,,,,,,,-1.0,0.0,9.0,,1.0,,,,,0,,0
17,2012-11-05 19:52:18,18,129,,,31,66890,4,4.0,1,6.7,0.5063,5.31,35,255.92,1,6285,4,194,4,1,2,1,,434.23,1,,,,,,,,,,,,,0.0,0.0,,0.0,0.0,,0.0,0.0,,,,,0,,0
17,2012-11-05 19:52:18,18,129,,,31,73557,3,4.0,0,6.79,0.7462,5.15,7,174.02,0,6285,4,194,4,1,2,1,,433.67,1,,,,,,,,,,,,,0.0,0.0,,,,,-1.0,0.0,5.0,,,,0,,0
17,2012-11-05 19:52:18,18,129,,,31,73790,3,4.0,0,6.69,0.6081,5.15,34,197.06,0,6285,4,194,4,1,2,1,,433.42,1,,,,,,,,,,,,,0.0,0.0,,1.0,0.0,16.0,,,,,,,0,,0
17,2012-11-05 19:52:18,18,129,,,31,78834,3,4.5,0,6.91,0.6483,5.58,12,299.42,0,6285,4,194,4,1,2,1,,433.81,1,,,,,,,,,,,,,-1.0,0.0,18.0,-1.0,0.0,18.0,-1.0,0.0,18.0,,,,0,,0
17,2012-11-05 19:52:18,18,129,,,31,82886,4,4.5,0,6.9,0.7496,5.34,3,202.18,1,6285,4,194,4,1,2,1,,433.88,1,,,,,,,,,,,,,0.0,0.0,,0.0,0.0,,0.0,0.0,,,,,0,,0
17,2012-11-05 19:52:18,18,129,,,31,83594,3,4.0,0,6.76,0.7088,5.1,33,179.14,0,6285,4,194,4,1,2,1,,433.61,1,,,,,,,,,,,,,1.0,0.0,4.0,,1.0,,1.0,0.0,3.0,,,,0,,0
17,2012-11-05 19:52:18,18,129,,,31,84999,3,4.5,0,6.8,0.767,5.15,20,243.12,0,6285,4,194,4,1,2,1,,433.66,1,,,,,,,,,,,,,,,,,,,,,,,,,0,,0
17,2012-11-05 19:52:18,18,129,,,31,85819,3,3.0,0,6.35,0.1618,5.06,15,138.2,0,6285,4,194,4,1,2,1,,434.43,1,,,,,,,,,,,,,0.0,0.0,,,,,,,,,,,0,,0
17,2012-11-05 19:52:18,18,129,,,31,87596,3,2.5,0,6.91,0.727,5.07,28,182.98,0,6285,4,194,4,1,2,1,,433.87,1,,,,,,,,,,,,,,,,,,,,,,,,,1,,0
17,2012-11-05 19:52:18,18,129,,,31,90634,4,4.0,0,6.4,0.1864,5.54,1,185.54,1,6285,4,194,4,1,2,1,,434.46,1,,,,,,,,,,,,,0.0,0.0,,0.0,0.0,,0.0,0.0,,,,,0,,0
17,2012-11-05 19:52:18,18,129,,,31,91671,3,4.0,0,6.74,0.7005,5.14,8,225.21,0,6285,4,194,4,1,2,1,,433.54,1,,,,,,,,,,,,,0.0,0.0,,,,,,,,,,,0,,0
17,2012-11-05 19:52:18,18,129,,,31,101782,4,4.0,0,6.9,0.7543,5.7,32,231.61,1,6285,4,194,4,1,2,1,,433.87,1,,,,,,,,,,,,,0.0,0.0,,0.0,0.0,,0.0,0.0,,,,,0,,0
17,2012-11-05 19:52:18,18,129,,,31,104381,4,4.0,0,6.74,0.6728,5.3,24,262.32,0,6285,4,194,4,1,2,1,,433.67,1,,,,,,,,,,,,,0.0,0.0,,0.0,0.0,,,,,,,,0,,0
17,2012-11-05 19:52:18,18,129,,,31,114872,4,4.5,0,6.82,0.7505,5.73,18,225.21,0,6285,4,194,4,1,2,1,,433.61,1,,,,,,,,,,,,,,,,,,,,,,,,,0,,0
17,2012-11-05 19:52:18,18,129,,,31,116414,3,3.0,0,6.89,0.7614,5.22,13,165.07,0,6285,4,194,4,1,2,1,,433.92,1,,,,,,,,,,,,,0.0,0.0,,,,,,,,,,,0,,0
17,2012-11-05 19:52:18,18,129,,,31,119357,3,4.0,0,6.88,0.7592,5.04,27,190.66,0,6285,4,194,4,1,2,1,,433.98,1,,,,,,,,,,,,,0.0,0.0,,1.0,0.0,3.0,1.0,1.0,7.0,,,,0,,0
17,2012-11-05 19:52:18,18,129,,,31,122245,3,3.5,0,6.72,0.6225,5.12,16,221.37,0,6285,4,194,4,1,2,1,,433.69,1,,,,,,,,,,,,,-1.0,0.0,4.0,,,,,,,,,,0,,0
17,2012-11-05 19:52:18,18,129,,,31,136312,4,4.0,0,6.91,0.7394,5.49,31,301.98,0,6285,4,194,4,1,2,1,,433.89,1,,,,,,,,,,,,,0.0,0.0,,0.0,0.0,,0.0,0.0,,,,,0,,0
21,2013-02-18 17:16:25,15,55,,,216,6225,2,3.5,0,3.85,0.029,4.95,12,108.26,1,18161,4,62,1,0,1,0,,,0,,,,,,,,,,1.0,0.0,7.0,,,,,,,,,,,,,0,,0
21,2013-02-18 17:16:25,15,55,,,216,15024,3,0.0,0,2.08,,4.29,17,57.22,0,18161,4,62,1,0,1,0,,,0,,,,,,,,,,,,,,,,,,,,,,,,,0,,0
21,2013-02-18 17:16:25,15,55,,,216,19748,3,4.0,0,4.19,,4.92,19,71.14,1,18161,4,62,1,0,1,0,,,0,,,,1.0,0.0,81.0,,,,0.0,0.0,,,,,,,,,,,,,,0,,0
21,2013-02-18 17:16:25,15,55,,,216,20383,3,0.0,0,3.74,,4.74,26,85.06,0,18161,4,62,1,0,1,0,,,0,,,,,,,,,,-1.0,0.0,31.0,,,,,,,,,,,,,0,,0
21,2013-02-18 17:16:25,15,55,,,216,21183,4,4.0,0,3.78,0.1496,5.04,7,102.07,0,18161,4,62,1,0,1,0,,,0,,,,,,,,,,-1.0,0.0,12.0,,,,,,,,,,,,,0,,0
21,2013-02-18 17:16:25,15,55,,,216,24015,3,4.0,0,3.69,0.509,4.77,13,139.19,0,18161,4,62,1,0,1,0,,,0,,,,,,,,,,-1.0,0.0,7.0,,,,,,,,,,,,,0,,0
21,2013-02-18 17:16:25,15,55,,,216,32232,2,0.0,0,3.78,,4.95,29,20.11,0,18161,4,62,1,0,1,0,,,0,,,,,,,,,,,,,,,,,,,,,,,,,0,,0
21,2013-02-18 17:16:25,15,55,,,216,33118,3,4.0,0,3.87,,4.77,14,77.33,0,18161,4,62,1,0,1,0,,,0,,,,,,,,,,,,,,,,,,,,,,,,,0,,0
21,2013-02-18 17:16:25,15,55,,,216,35574,2,0.0,0,3.81,,4.49,27,66.5,0,18161,4,62,1,0,1,0,,,0,,,,,,,,,,,1.0,,,1.0,,,,,,,,,,,0,,0
21,2013-02-18 17:16:25,15,55,,,216,36101,3,4.5,0,3.43,0.1363,4.79,2,57.22,1,18161,4,62,1,0,1,0,,,0,,,,,1.0,,,,,-1.0,0.0,6.0,,,,,,,,,,,,,0,,0
21,2013-02-18 17:16:25,15,55,,,216,38976,2,0.0,0,3.91,,4.32,30,20.11,0,18161,4,62,1,0,1,0,,,0,,,,,,,,,,0.0,0.0,,,,,,,,,,,,,,0,,0
21,2013-02-18 17:16:25,15,55,,,216,38994,2,4.0,0,3.87,,3.8,32,24.74,0,18161,4,62,1,0,1,0,,,0,,,,,,,,,,0.0,0.0,,,,,,,,,,,,,,0,,0
21,2013-02-18 17:16:25,15,55,,,216,40534,3,4.0,0,4.2,,4.75,24,74.23,0,18161,4,62,1,0,1,0,,,0,,,,,,,,,,,,,,,,,,,,,,,,,0,,0
21,2013-02-18 17:16:25,15,55,,,216,48069,3,4.5,0,3.26,,4.52,21,69.59,1,18161,4,62,1,0,1,0,,,0,,,,,,,,,,,-1.0,,,,,,,,,,,,,,0,,0
21,2013-02-18 17:16:25,15,55,,,216,48813,3,0.0,0,3.71,,3.95,31,37.12,0,18161,4,62,1,0,1,0,,,0,,,,,,,,,,,,,,,,,,,,,,,,,0,,0
21,2013-02-18 17:16:25,15,55,,,216,58294,3,3.5,0,3.91,0.5598,4.89,5,78.87,0,18161,4,62,1,0,1,0,,,0,,,,,,,,,,,,,,1.0,,,,,,,,,,,0,,0
21,2013-02-18 17:16:25,15,55,,,216,61662,3,3.5,0,4.04,0.537,4.54,4,47.94,1,18161,4,62,1,0,1,0,,,0,,,,,1.0,,,,,-1.0,0.0,14.0,,,,,,,,,,,,,1,222.58,1
21,2013-02-18 17:16:25,15,55,,,216,73519,3,4.0,0,4.03,0.5771,4.59,11,54.13,0,18161,4,62,1,0,1,0,,,0,,,,,,,,,,0.0,0.0,,,,,,,,,,,,,,0,,0
21,2013-02-18 17:16:25,15,55,,,216,73547,3,0.0,0,4.04,0.5969,4.98,15,103.62,0,18161,4,62,1,0,1,0,,,0,,,,,,,,,,,-1.0,,,,,,,,,,,,,,0,,0
21,2013-02-18 17:16:25,15,55,,,216,82632,4,4.5,0,3.85,0.5697,5.4,3,126.82,0,18161,4,62,1,0,1,0,,,0,,,,,,,,,,-1.0,0.0,10.0,,,,,,,,,,,,,0,,0
21,2013-02-18 17:16:25,15,55,,,216,88685,2,4.0,0,4.14,0.4154,4.56,8,72.69,0,18161,4,62,1,0,1,0,,,0,,,,,,,,,,0.0,0.0,,,,,,,,,,,,,,0,,0
21,2013-02-18 17:16:25,15,55,,,216,92347,3,4.0,0,3.58,,4.51,28,46.4,0,18161,4,62,1,0,1,0,,,0,,,,,,,,,,,1.0,,,,,,,,,,,,,,0,,0
21,2013-02-18 17:16:25,15,55,,,216,93867,3,0.0,0,3.99,0.0897,5.05,9,60.32,1,18161,4,62,1,0,1,0,,,0,,,,,,,,,,1.0,0.0,18.0,,,,,,,,,,,,,0,,0
21,2013-02-18 17:16:25,15,55,,,216,102266,3,4.5,0,3.78,,4.79,25,171.67,0,18161,4,62,1,0,1,0,,,0,,,,,,,,,,-1.0,0.0,9.0,,,,,,,,,,,,,0,,0
21,2013-02-18 17:16:25,15,55,,,216,111509,3,2.5,0,4.26,0.1405,4.77,18,94.34,0,18161,4,62,1,0,1,0,,,0,,,,,,,,,,,,,,,,,,,,,,,,,0,,0
21,2013-02-18 17:16:25,15,55,,,216,119830,3,4.0,0,3.83,,5.29,20,89.7,0,18161,4,62,1,0,1,0,,,0,,,,,,,,,,0.0,0.0,,,,,,,,,,,,,,0,,0
21,2013-02-18 17:16:25,15,55,,,216,120188,3,4.0,0,3.89,0.5367,4.86,6,71.14,0,18161,4,62,1,0,1,0,,,0,,,,,,,,,,0.0,0.0,,,,,,,,,,,,,,0,,0
21,2013-02-18 17:16:25,15,55,,,216,128170,3,4.5,0,4.04,0.6075,4.77,1,64.96,1,18161,4,62,1,0,1,0,,,0,,,,,,,-1.0,0.0,2.0,,1.0,,1.0,0.0,17.0,,,,,,,,,,0,,0
21,2013-02-18 17:16:25,15,55,,,216,138307,4,0.0,0,3.85,,5.47,23,119.08,0,18161,4,62,1,0,1,0,,,0,,,,,,,-1.0,0.0,3.0,0.0,0.0,,,,,,,,,,,,,,0,,0
